CD_MUN,NM_MUN,latitude,longitude,CD_UF,NM_UF,SIGLA_UF,CD_REGIAO,NM_REGIAO,SIGLA_RG,AREA_KM2
3543402,Ribeirão Preto,-21.21081286404062,-47.82127188090657,35,São Paulo,SP,3,Sudeste,SE,650.916
3518859,Guatapará,-21.45336695406204,-47.98001215161064,35,São Paulo,SP,3,Sudeste,SE,413.653
3518206,Guararapes,-21.285070571128816,-50.69511630952875,35,São Paulo,SP,3,Sudeste,SE,955.637
3510005,Cândido Mota,-22.808660626159583,-50.42163962139517,35,São Paulo,SP,3,Sudeste,SE,595.811
3502606,Aparecida d'Oeste,-20.478797595566512,-50.92197859095159,35,São Paulo,SP,3,Sudeste,SE,179.004
3534609,Osvaldo Cruz,-21.732694391175563,-50.873855701297806,35,São Paulo,SP,3,Sudeste,SE,248.038
3502408,Anhumas,-22.36199118040671,-51.4277588458794,35,São Paulo,SP,3,Sudeste,SE,320.84
3526407,Laranjal Paulista,-23.012152821898127,-47.86568218811275,35,São Paulo,SP,3,Sudeste,SE,384.274
3502507,Aparecida,-22.914188941305976,-45.23722020915912,35,São Paulo,SP,3,Sudeste,SE,120.89
3551009,São Vicente,-23.95938860169477,-46.48812230314959,35,São Paulo,SP,3,Sudeste,SE,147.774
3534500,Oscar Bressane,-22.29534673352542,-50.25736317866437,35,São Paulo,SP,3,Sudeste,SE,222.13
3501806,Américo de Campos,-20.289381597529662,-49.76800632484282,35,São Paulo,SP,3,Sudeste,SE,252.876
3542800,Ribeira,-24.60732083756488,-49.036553090154165,35,São Paulo,SP,3,Sudeste,SE,335.759
3526308,Lagoinha,-23.085572166259503,-45.20669342232631,35,São Paulo,SP,3,Sudeste,SE,254.454
3509957,Canas,-22.730066945156686,-45.04136294209319,35,São Paulo,SP,3,Sudeste,SE,53.261
3518107,Guarantã,-21.916127804774234,-49.58835253195331,35,São Paulo,SP,3,Sudeste,SE,461.746
3550803,São Sebastião da Grama,-21.754052869640848,-46.752987911534895,35,São Paulo,SP,3,Sudeste,SE,252.41
3509908,Cananéia,-25.018344996375944,-48.00843414137958,35,São Paulo,SP,3,Sudeste,SE,1237.354
3534807,Ouro Verde,-21.510396680598312,-51.73783568969379,35,São Paulo,SP,3,Sudeste,SE,266.778
3542602,Registro,-24.50398774032437,-47.82069938817812,35,São Paulo,SP,3,Sudeste,SE,722.201
3550902,São Simão,-21.461529443918206,-47.568263640231415,35,São Paulo,SP,3,Sudeste,SE,617.252
3526605,Lavrinhas,-22.520262367684182,-44.888865542414464,35,São Paulo,SP,3,Sudeste,SE,166.948
3534906,Pacaembu,-21.495502863648426,-51.27420475106392,35,São Paulo,SP,3,Sudeste,SE,339.375
3542701,Restinga,-20.648225443625098,-47.50591744522015,35,São Paulo,SP,3,Sudeste,SE,245.746
3526704,Leme,-22.172155191587343,-47.33758813181296,35,São Paulo,SP,3,Sudeste,SE,402.871
3518503,Guareí,-23.370516876466045,-48.21908679736851,35,São Paulo,SP,3,Sudeste,SE,567.719
3551207,Sarutaiá,-23.257503483544642,-49.4817536635892,35,São Paulo,SP,3,Sudeste,SE,141.608
3534708,Ourinhos,-22.952672221818023,-49.852423909982114,35,São Paulo,SP,3,Sudeste,SE,295.818
3510302,Capela do Alto,-23.46737764537405,-47.7309812885368,35,São Paulo,SP,3,Sudeste,SE,169.89
3543006,Ribeirão Branco,-24.256158017161784,-48.77813030941855,35,São Paulo,SP,3,Sudeste,SE,697.5
3526506,Lavínia,-21.15071342043951,-51.03250415071081,35,São Paulo,SP,3,Sudeste,SE,537.675
3543105,Ribeirão Corrente,-20.448925409095303,-47.57332615233884,35,São Paulo,SP,3,Sudeste,SE,148.332
3501707,Américo Brasiliense,-21.72233582753275,-48.03236344208961,35,São Paulo,SP,3,Sudeste,SE,122.958
3518305,Guararema,-23.427563933008752,-46.05858590765968,35,São Paulo,SP,3,Sudeste,SE,270.816
3510104,Cândido Rodrigues,-21.34283034853504,-48.62862234047645,35,São Paulo,SP,3,Sudeste,SE,70.892
3534757,Ouroeste,-19.922450993672637,-50.40197369833062,35,São Paulo,SP,3,Sudeste,SE,288.648
3518404,Guaratinguetá,-22.793479777513795,-45.23294770951948,35,São Paulo,SP,3,Sudeste,SE,752.636
3551108,Sarapuí,-23.66429616572136,-47.785776521789074,35,São Paulo,SP,3,Sudeste,SE,352.592
3510203,Capão Bonito,-24.039207465238096,-48.28988238931119,35,São Paulo,SP,3,Sudeste,SE,1640.229
3542909,Ribeirão Bonito,-22.06010442742087,-48.18535729539952,35,São Paulo,SP,3,Sudeste,SE,471.553
3510153,Canitar,-23.01872294994429,-49.791868871981954,35,São Paulo,SP,3,Sudeste,SE,57.459
3525854,Jumirim,-23.099621569139515,-47.78813020658369,35,São Paulo,SP,3,Sudeste,SE,56.685
3502101,Andradina,-20.835545668064206,-51.329656847174725,35,São Paulo,SP,3,Sudeste,SE,964.226
3509502,Campinas,-22.883728674071588,-47.0437389820972,35,São Paulo,SP,3,Sudeste,SE,794.57
3509452,Campina do Monte Alegre,-23.606813391113665,-48.44205348193355,35,São Paulo,SP,3,Sudeste,SE,184.479
3534104,Oriente,-22.141923279462798,-50.09370795238569,35,São Paulo,SP,3,Sudeste,SE,218.668
3501905,Amparo,-22.699101478376452,-46.798743985463986,35,São Paulo,SP,3,Sudeste,SE,445.323
3525904,Jundiaí,-23.194579676060812,-46.913003894234876,35,São Paulo,SP,3,Sudeste,SE,431.162
3517703,Guará,-20.48258474804026,-47.77526117898948,35,São Paulo,SP,3,Sudeste,SE,362.183
3550407,São Pedro,-22.558179905960746,-47.92464362016284,35,São Paulo,SP,3,Sudeste,SE,611.51
3502002,Analândia,-22.121081254140975,-47.67795067817565,35,São Paulo,SP,3,Sudeste,SE,325.953
3533908,Olímpia,-20.70520395101183,-48.95956892199487,35,São Paulo,SP,3,Sudeste,SE,802.393
3550506,São Pedro do Turvo,-22.678906424068767,-49.77232187649138,35,São Paulo,SP,3,Sudeste,SE,731.221
3525706,José Bonifácio,-21.089353668203987,-49.77925784382918,35,São Paulo,SP,3,Sudeste,SE,860.2
3534005,Onda Verde,-20.617430281004733,-49.24362458403213,35,São Paulo,SP,3,Sudeste,SE,242.946
3542305,Redenção da Serra,-23.253659017258745,-45.52621443998729,35,São Paulo,SP,3,Sudeste,SE,309.322
3501301,Álvares Machado,-22.1314628341019,-51.51487412660347,35,São Paulo,SP,3,Sudeste,SE,347.647
3525805,Júlio Mesquita,-21.97294498168526,-49.79335685991051,35,São Paulo,SP,3,Sudeste,SE,128.183
3517604,Guapiara,-24.21252714885794,-48.555846003036955,35,São Paulo,SP,3,Sudeste,SE,408.292
3550308,São Paulo,-23.65018255666867,-46.64810870044698,35,São Paulo,SP,3,Sudeste,SE,1522.683
3509403,Cajuru,-21.27592285716778,-47.3103151357455,35,São Paulo,SP,3,Sudeste,SE,660.088
3542107,Rafard,-23.045163648529012,-47.58378121855526,35,São Paulo,SP,3,Sudeste,SE,121.645
3534302,Orlândia,-20.697863481878493,-47.905829472344365,35,São Paulo,SP,3,Sudeste,SE,291.765
3542206,Rancharia,-22.28211064531162,-50.928453304566524,35,São Paulo,SP,3,Sudeste,SE,1591.148
3526100,Juquiá,-24.213606833496847,-47.6522292818236,35,São Paulo,SP,3,Sudeste,SE,812.799
3534401,Osasco,-23.52864789863782,-46.789273675600334,35,São Paulo,SP,3,Sudeste,SE,64.999
3526209,Juquitiba,-23.955344287113544,-47.024466035497184,35,São Paulo,SP,3,Sudeste,SE,523.074
3517901,Guaraci,-20.374701478684685,-49.00277267678614,35,São Paulo,SP,3,Sudeste,SE,641.501
3518008,Guarani d'Oeste,-20.066834011715518,-50.34460367556552,35,São Paulo,SP,3,Sudeste,SE,85.7
3501152,Alumínio,-23.532994474063052,-47.28124927045455,35,São Paulo,SP,3,Sudeste,SE,83.619
3550704,São Sebastião,-23.7544206560855,-45.606766886547895,35,São Paulo,SP,3,Sudeste,SE,402.395
3534203,Orindiúva,-20.201595560034935,-49.355490674162226,35,São Paulo,SP,3,Sudeste,SE,247.378
3509809,Campos Novos Paulista,-22.61085164967835,-50.01028515999861,35,São Paulo,SP,3,Sudeste,SE,484.199
3542503,Reginópolis,-21.883072904347063,-49.180456030922905,35,São Paulo,SP,3,Sudeste,SE,410.406
3526001,Junqueirópolis,-21.448859182582858,-51.434985898576336,35,São Paulo,SP,3,Sudeste,SE,583.273
3517802,Guaraçaí,-21.086352200176673,-51.279335463264886,35,São Paulo,SP,3,Sudeste,SE,569.222
3501202,Álvares Florence,-20.289539504949392,-49.920266138691595,35,São Paulo,SP,3,Sudeste,SE,362.411
3509601,Campo Limpo Paulista,-23.217907462360056,-46.76011417918698,35,São Paulo,SP,3,Sudeste,SE,79.504
3509700,Campos do Jordão,-22.70161568061985,-45.533029422674836,35,São Paulo,SP,3,Sudeste,SE,289.981
3542404,Regente Feijó,-22.252480606262935,-51.29403917906994,35,São Paulo,SP,3,Sudeste,SE,263.426
3501608,Americana,-22.723244910797856,-47.28911241700205,35,São Paulo,SP,3,Sudeste,SE,133.912
3550605,São Roque,-23.54895962499384,-47.10956819649715,35,São Paulo,SP,3,Sudeste,SE,306.899
3533601,Nuporanga,-20.704846171295095,-47.72907777823901,35,São Paulo,SP,3,Sudeste,SE,348.265
3549953,São Lourenço da Serra,-23.852427087437572,-46.936427990612586,35,São Paulo,SP,3,Sudeste,SE,186.353
3525409,Jeriquara,-20.340135230213882,-47.57419299266787,35,São Paulo,SP,3,Sudeste,SE,141.971
3501400,Álvaro de Carvalho,-22.08652893328917,-49.733989486162095,35,São Paulo,SP,3,Sudeste,SE,153.662
3501509,Alvinlândia,-22.452546243757343,-49.758521230094395,35,São Paulo,SP,3,Sudeste,SE,84.879
3517208,Guaiçara,-21.569446526704137,-49.76267590845541,35,São Paulo,SP,3,Sudeste,SE,277.154
3549904,São José dos Campos,-23.0905764679336,-45.928636084408694,35,São Paulo,SP,3,Sudeste,SE,1099.494
3509007,Caieiras,-23.375978430729354,-46.745200877663756,35,São Paulo,SP,3,Sudeste,SE,97.745
3533403,Nova Odessa,-22.784111216346272,-47.28514785279668,35,São Paulo,SP,3,Sudeste,SE,73.788
3541703,Quatá,-22.205881640041433,-50.64524733316514,35,São Paulo,SP,3,Sudeste,SE,651.341
3550001,São Luiz do Paraitinga,-23.239726446006582,-45.253763520424506,35,São Paulo,SP,3,Sudeste,SE,618.126
3525201,Jarinu,-23.111962332435358,-46.72130926030907,35,São Paulo,SP,3,Sudeste,SE,207.549
3533502,Novo Horizonte,-21.46915888734629,-49.283796166188964,35,São Paulo,SP,3,Sudeste,SE,931.743
3541802,Queiroz,-21.80055408766767,-50.24526592466108,35,São Paulo,SP,3,Sudeste,SE,234.914
3517000,Getulina,-21.783285927275017,-50.02793843550107,35,São Paulo,SP,3,Sudeste,SE,676.755
3525300,Jaú,-22.29603786990467,-48.55598633895289,35,São Paulo,SP,3,Sudeste,SE,687.103
3517109,Glicério,-21.34021119622709,-50.19885291331318,35,São Paulo,SP,3,Sudeste,SE,272.8
3500758,Alambari,-23.548928180212886,-47.869048392080344,35,São Paulo,SP,3,Sudeste,SE,159.6
3549805,São José do Rio Preto,-20.797213364621246,-49.358105434238894,35,São Paulo,SP,3,Sudeste,SE,431.944
3508900,Caiabu,-21.94954262276147,-51.2239584134557,35,São Paulo,SP,3,Sudeste,SE,252.704
3533809,Óleo,-22.95365180795435,-49.38303275806976,35,São Paulo,SP,3,Sudeste,SE,198.938
3541604,Promissão,-21.52444418133376,-49.870342317553686,35,São Paulo,SP,3,Sudeste,SE,779.2
3525607,João Ramalho,-22.27784647309711,-50.79908207285869,35,São Paulo,SP,3,Sudeste,SE,415.452
3509254,Cajati,-24.77201711766675,-48.194987726077564,35,São Paulo,SP,3,Sudeste,SE,454.489
3500808,Alfredo Marcondes,-21.934968102299678,-51.395646680684976,35,São Paulo,SP,3,Sudeste,SE,118.915
3517406,Guaíra,-20.314013703473538,-48.36417364162181,35,São Paulo,SP,3,Sudeste,SE,1258.465
3509205,Cajamar,-23.35148456651543,-46.87203286758231,35,São Paulo,SP,3,Sudeste,SE,131.521
3517505,Guapiaçu,-20.742742711280698,-49.189944752858736,35,São Paulo,SP,3,Sudeste,SE,324.752
3541653,Quadra,-23.301013126116864,-48.03861863256453,35,São Paulo,SP,3,Sudeste,SE,205.672
3550209,São Miguel Arcanjo,-23.913919789711535,-47.993361430154636,35,São Paulo,SP,3,Sudeste,SE,930.339
3509304,Cajobi,-20.873680928272993,-48.838768105994326,35,São Paulo,SP,3,Sudeste,SE,176.929
3533700,Ocauçu,-22.43807385459358,-49.937929447999686,35,São Paulo,SP,3,Sudeste,SE,301.036
3542008,Quintana,-22.100186446182928,-50.36924788471545,35,São Paulo,SP,3,Sudeste,SE,318.937
3525508,Joanópolis,-22.93882973903739,-46.20915263509009,35,São Paulo,SP,3,Sudeste,SE,374.346
3517307,Guaimbê,-21.878489173361995,-49.86062184972835,35,São Paulo,SP,3,Sudeste,SE,217.811
3500709,Agudos,-22.571874156231114,-49.108560765197765,35,São Paulo,SP,3,Sudeste,SE,966.708
3509106,Caiuá,-21.801357203973286,-51.98653036946717,35,São Paulo,SP,3,Sudeste,SE,551.159
3501004,Altinópolis,-21.017994661625387,-47.386169728366816,35,São Paulo,SP,3,Sudeste,SE,928.956
3501103,Alto Alegre,-21.612536766667212,-50.19211589859901,35,São Paulo,SP,3,Sudeste,SE,318.574
3533007,Nova Granada,-20.475981696582778,-49.331101858695895,35,São Paulo,SP,3,Sudeste,SE,531.796
3524808,Jales,-20.285793043972152,-50.5540975675972,35,São Paulo,SP,3,Sudeste,SE,368.574
3550100,São Manuel,-22.68223079838784,-48.54038908424909,35,São Paulo,SP,3,Sudeste,SE,650.734
3533106,Nova Guataporanga,-21.322282656494856,-51.645024562804174,35,São Paulo,SP,3,Sudeste,SE,34.675
3500907,Altair,-20.533333096667388,-49.093873768726105,35,São Paulo,SP,3,Sudeste,SE,313.007
3524907,Jambeiro,-23.279280684195175,-45.71057910156924,35,São Paulo,SP,3,Sudeste,SE,184.413
3541901,Queluz,-22.504247742953584,-44.78526730888074,35,São Paulo,SP,3,Sudeste,SE,249.356
3516705,Garça,-22.231011776941433,-49.689609262942916,35,São Paulo,SP,3,Sudeste,SE,555.807
3549409,São Joaquim da Barra,-20.55052539755563,-47.93854764286672,35,São Paulo,SP,3,Sudeste,SE,410.863
3508504,Caçapava,-23.103581860078886,-45.71346486933507,35,São Paulo,SP,3,Sudeste,SE,369.558
3532900,Nova Europa,-21.774333173861503,-48.54964755289373,35,São Paulo,SP,3,Sudeste,SE,160.25
3541208,Presidente Bernardes,-22.107145151507748,-51.620188414495914,35,São Paulo,SP,3,Sudeste,SE,749.234
3549508,São José da Bela Vista,-20.587520751944083,-47.627170010850996,35,São Paulo,SP,3,Sudeste,SE,276.952
3524709,Jaguariúna,-22.691978315557,-47.01277625874106,35,São Paulo,SP,3,Sudeste,SE,141.391
3541307,Presidente Epitácio,-21.910371277630244,-52.17459124277459,35,São Paulo,SP,3,Sudeste,SE,1260.281
3516507,Gabriel Monteiro,-21.499589640807613,-50.564752504247465,35,São Paulo,SP,3,Sudeste,SE,138.681
3508306,Cabrália Paulista,-22.489445790966204,-49.37296763452552,35,São Paulo,SP,3,Sudeste,SE,239.974
3516606,Gália,-22.320454453840643,-49.57771987910125,35,São Paulo,SP,3,Sudeste,SE,355.914
3549300,São João do Pau d'Alho,-21.223340381306876,-51.67303434440834,35,São Paulo,SP,3,Sudeste,SE,117.514
3508405,Cabreúva,-23.30130500063375,-47.08020062866644,35,São Paulo,SP,3,Sudeste,SE,260.234
3541109,Presidente Alves,-22.122158498355194,-49.43172154494941,35,São Paulo,SP,3,Sudeste,SE,286.642
3533304,Nova Luzitânia,-20.868610839224903,-50.24937516577512,35,São Paulo,SP,3,Sudeste,SE,73.69
3525102,Jardinópolis,-20.992062097601256,-47.82604914238428,35,São Paulo,SP,3,Sudeste,SE,501.87
3516903,General Salgado,-20.638298534041645,-50.41568603114376,35,São Paulo,SP,3,Sudeste,SE,493.88
3500303,Aguaí,-22.04997782500994,-47.04031905035641,35,São Paulo,SP,3,Sudeste,SE,474.554
3508702,Caconde,-21.53934275485271,-46.6171281635898,35,São Paulo,SP,3,Sudeste,SE,468.998
3508801,Cafelândia,-21.73110206866953,-49.54853091485995,35,São Paulo,SP,3,Sudeste,SE,920.28
3541505,Presidente Venceslau,-21.79293808909062,-51.83826376190019,35,São Paulo,SP,3,Sudeste,SE,755.203
3500105,Adamantina,-21.57662777185888,-51.056772546687775,35,São Paulo,SP,3,Sudeste,SE,411.987
3516804,Gastão Vidigal,-20.80428634622565,-50.20278432095743,35,São Paulo,SP,3,Sudeste,SE,180.569
3500204,Adolfo,-21.28867888614145,-49.65328222483521,35,São Paulo,SP,3,Sudeste,SE,211.055
3508603,Cachoeira Paulista,-22.702488386150137,-44.99149655460882,35,São Paulo,SP,3,Sudeste,SE,288.747
3533254,Novais,-20.988555599148942,-48.917985920984265,35,São Paulo,SP,3,Sudeste,SE,117.772
3500550,Águas de Santa Bárbara,-22.85793318750265,-49.26104399884992,35,São Paulo,SP,3,Sudeste,SE,404.463
3549706,São José do Rio Pardo,-21.60366346751937,-46.87949999095251,35,São Paulo,SP,3,Sudeste,SE,419.729
3533205,Nova Independência,-21.13529890765782,-51.50520932763662,35,São Paulo,SP,3,Sudeste,SE,265.028
3516853,Gavião Peixoto,-21.791596381598133,-48.44789712491061,35,São Paulo,SP,3,Sudeste,SE,243.766
3500501,Águas de Lindóia,-22.474719453253044,-46.603543223746264,35,São Paulo,SP,3,Sudeste,SE,59.872
3525003,Jandira,-23.544597017615327,-46.89946218073244,35,São Paulo,SP,3,Sudeste,SE,17.122
3500600,Águas de São Pedro,-22.59981178852557,-47.87697941868242,35,São Paulo,SP,3,Sudeste,SE,3.38
3532504,Neves Paulista,-20.870447866270986,-49.646493525637624,35,São Paulo,SP,3,Sudeste,SE,219.05
3549607,São José do Barreiro,-22.74885094181134,-44.5872497499942,35,São Paulo,SP,3,Sudeste,SE,570.604
3524303,Jaboticabal,-21.21832761920629,-48.287904425207756,35,São Paulo,SP,3,Sudeste,SE,706.722
3532603,Nhandeara,-20.673066313258516,-50.04681447162847,35,São Paulo,SP,3,Sudeste,SE,436.159
3541406,Presidente Prudente,-21.99302459724894,-51.34304036450475,35,São Paulo,SP,3,Sudeste,SE,560.637
3500402,Águas da Prata,-21.91369864936416,-46.691692383462765,35,São Paulo,SP,3,Sudeste,SE,142.673
3524402,Jacareí,-23.29888441968795,-45.99051461646123,35,São Paulo,SP,3,Sudeste,SE,464.252
3557105,Votuporanga,-20.457807303729172,-49.989089621889285,35,São Paulo,SP,3,Sudeste,SE,420.703
3516200,Franca,-20.555193799821517,-47.38108203283284,35,São Paulo,SP,3,Sudeste,SE,605.679
3548906,São Carlos,-21.918753776665664,-47.86716061465593,35,São Paulo,SP,3,Sudeste,SE,1136.907
3508009,Buri,-23.751996163298056,-48.575329007929426,35,São Paulo,SP,3,Sudeste,SE,1196.463
3532405,Nazaré Paulista,-23.19143886830546,-46.36645536088626,35,São Paulo,SP,3,Sudeste,SE,326.392
3540705,Porto Ferreira,-21.842102986361855,-47.446951484918415,35,São Paulo,SP,3,Sudeste,SE,245.327
3524204,Jaborandi,-20.64998519794836,-48.41595697869013,35,São Paulo,SP,3,Sudeste,SE,273.438
3540804,Potirendaba,-21.07552792101053,-49.39172345817061,35,São Paulo,SP,3,Sudeste,SE,342.492
3557154,Zacarias,-21.125452721899894,-50.04941123327912,35,São Paulo,SP,3,Sudeste,SE,319.056
3516002,Flórida Paulista,-21.539902371007482,-51.1706288922484,35,São Paulo,SP,3,Sudeste,SE,524.138
3507803,Brodowski,-21.049525457786054,-47.627781895940544,35,São Paulo,SP,3,Sudeste,SE,278.458
3516101,Florínea,-22.881207171070127,-50.69529923374553,35,São Paulo,SP,3,Sudeste,SE,225.886
3540754,Potim,-22.82529693252479,-45.30315972403184,35,São Paulo,SP,3,Sudeste,SE,44.644
3507902,Brotas,-22.27327472478674,-48.08122405647255,35,São Paulo,SP,3,Sudeste,SE,1101.373
3556958,Vitória Brasil,-20.19840687117708,-50.48548738795269,35,São Paulo,SP,3,Sudeste,SE,49.832
3540606,Porto Feliz,-23.23030238869163,-47.51692209773123,35,São Paulo,SP,3,Sudeste,SE,556.706
3532801,Nova Aliança,-21.06260183226071,-49.51596426118934,35,São Paulo,SP,3,Sudeste,SE,217.515
3524600,Jacupiranga,-24.777259640045457,-48.05382081916159,35,São Paulo,SP,3,Sudeste,SE,704.136
3516408,Franco da Rocha,-23.314177574745916,-46.73574895379308,35,São Paulo,SP,3,Sudeste,SE,132.775
3532868,Nova Castilho,-20.777816871669263,-50.345753614007116,35,São Paulo,SP,3,Sudeste,SE,183.396
3508207,Buritizal,-20.209316345159962,-47.69292817518982,35,São Paulo,SP,3,Sudeste,SE,266.42
3557006,Votorantim,-23.579878321778615,-47.40652474772117,35,São Paulo,SP,3,Sudeste,SE,184.186
3532843,Nova Canaã Paulista,-20.372047333173022,-50.910560459718695,35,São Paulo,SP,3,Sudeste,SE,124.473
3548807,São Caetano do Sul,-23.62605098041413,-46.56613749989477,35,São Paulo,SP,3,Sudeste,SE,15.421
3532827,Nova Campina,-24.190616848744728,-48.972874589079865,35,São Paulo,SP,3,Sudeste,SE,385.375
3549250,São João de Iracema,-20.520797563351287,-50.35628497194406,35,São Paulo,SP,3,Sudeste,SE,178.396
3541059,Pratânia,-22.81853651122672,-48.69689717579833,35,São Paulo,SP,3,Sudeste,SE,175.1
3549201,São João das Duas Pontes,-20.408395243587435,-50.38345469042162,35,São Paulo,SP,3,Sudeste,SE,129.462
3532702,Nipoã,-20.891605094524003,-49.77824108921265,35,São Paulo,SP,3,Sudeste,SE,137.609
3541000,Praia Grande,-24.015599380095896,-46.52270606700789,35,São Paulo,SP,3,Sudeste,SE,149.652
3524501,Jaci,-20.9450314468415,-49.58116428577115,35,São Paulo,SP,3,Sudeste,SE,145.133
3557204,Chavantes,-23.04631893595932,-49.7265357584475,35,São Paulo,SP,3,Sudeste,SE,188.727
3540853,Pracinha,-21.837542609869935,-51.07527778322984,35,São Paulo,SP,3,Sudeste,SE,63.141
3516309,Francisco Morato,-23.273709722673527,-46.723505885209704,35,São Paulo,SP,3,Sudeste,SE,49.001
3549003,São Francisco,-20.365796971135435,-50.67587155647685,35,São Paulo,SP,3,Sudeste,SE,75.579
3557303,Estiva Gerbi,-22.236069838475643,-46.94307702667626,35,São Paulo,SP,3,Sudeste,SE,74.144
3508108,Buritama,-21.049040799675854,-50.20024897417732,35,São Paulo,SP,3,Sudeste,SE,327.344
3540200,Pontal,-20.984565345953555,-48.064417976634985,35,São Paulo,SP,3,Sudeste,SE,356.371
3532009,Morungaba,-22.893864918221563,-46.782541765381275,35,São Paulo,SP,3,Sudeste,SE,146.752
3549102,São João da Boa Vista,-21.977955155672145,-46.80221101546781,35,São Paulo,SP,3,Sudeste,SE,516.399
3540903,Pradópolis,-21.344632276489694,-48.0870582351638,35,São Paulo,SP,3,Sudeste,SE,164.386
3523800,Itobi,-21.74897217077775,-46.92198925286148,35,São Paulo,SP,3,Sudeste,SE,138.986
3515608,Fernando Prestes,-21.310258451725137,-48.69565906393985,35,São Paulo,SP,3,Sudeste,SE,169.99
3540259,Pontalinda,-20.450647472158483,-50.525091255480454,35,São Paulo,SP,3,Sudeste,SE,209.504
3523909,Itu,-23.307134979448932,-47.284625315633974,35,São Paulo,SP,3,Sudeste,SE,640.719
3556602,Vera Cruz,-22.234036771067984,-49.82619282836669,35,São Paulo,SP,3,Sudeste,SE,247.716
3515707,Ferraz de Vasconcelos,-23.56097193815321,-46.373944733912126,35,São Paulo,SP,3,Sudeste,SE,29.58
3532058,Motuca,-21.51381571562118,-48.170323459409694,35,São Paulo,SP,3,Sudeste,SE,228.651
3540101,Pongaí,-21.73017206924017,-49.358893120983375,35,São Paulo,SP,3,Sudeste,SE,183.399
3548401,Santópolis do Aguapeí,-21.660195794743128,-50.517984287522694,35,São Paulo,SP,3,Sudeste,SE,128.026
3531902,Morro Agudo,-20.688681273167496,-48.1533870360077,35,São Paulo,SP,3,Sudeste,SE,1388.127
3515657,Fernão,-22.365786526037727,-49.542351793873536,35,São Paulo,SP,3,Sudeste,SE,100.504
3523701,Itirapuã,-20.657559470751558,-47.16939964696782,35,São Paulo,SP,3,Sudeste,SE,161.118
3515509,Fernandópolis,-20.271724714589794,-50.28302800650386,35,São Paulo,SP,3,Sudeste,SE,549.797
3507456,Borebi,-22.680626259835957,-48.992305106080394,35,São Paulo,SP,3,Sudeste,SE,347.989
3507407,Borborema,-21.61075935787567,-49.071985245236725,35,São Paulo,SP,3,Sudeste,SE,552.256
3556453,Vargem Grande Paulista,-23.620884986549925,-47.014705950525666,35,São Paulo,SP,3,Sudeste,SE,42.489
3507506,Botucatu,-22.86331485087237,-48.46826659840065,35,São Paulo,SP,3,Sudeste,SE,1481.772
3515905,Floreal,-20.669569347468887,-50.1548027919419,35,São Paulo,SP,3,Sudeste,SE,204.236
3556503,Várzea Paulista,-23.219374688486997,-46.82496989241316,35,São Paulo,SP,3,Sudeste,SE,35.048
3507308,Boracéia,-22.170144061132895,-48.78833401027015,35,São Paulo,SP,3,Sudeste,SE,122.11
3540507,Porangaba,-23.17382683336109,-48.1174345373784,35,São Paulo,SP,3,Sudeste,SE,265.968
3548302,Santo Expedito,-21.82485054187906,-51.370220055549,35,São Paulo,SP,3,Sudeste,SE,94.465
3532306,Natividade da Serra,-23.41504322881126,-45.38128624651526,35,São Paulo,SP,3,Sudeste,SE,834.281
3532157,Nantes,-22.596865505198767,-51.20078598408112,35,São Paulo,SP,3,Sudeste,SE,286.444
3524105,Ituverava,-20.32954591602629,-47.809613347184644,35,São Paulo,SP,3,Sudeste,SE,704.659
3540309,Pontes Gestal,-20.1748160942027,-49.757376359508996,35,São Paulo,SP,3,Sudeste,SE,217.505
3556909,Vista Alegre do Alto,-21.176700215813803,-48.64941833687749,35,São Paulo,SP,3,Sudeste,SE,95.429
3532108,Murutinga do Sul,-20.996735495661095,-51.30140401771415,35,São Paulo,SP,3,Sudeste,SE,250.873
3540408,Populina,-19.907262744957574,-50.51730399512314,35,São Paulo,SP,3,Sudeste,SE,315.938
3548708,São Bernardo do Campo,-23.81295674217351,-46.55071077510023,35,São Paulo,SP,3,Sudeste,SE,408.234
3507704,Braúna,-21.553097535343756,-50.33938339135983,35,São Paulo,SP,3,Sudeste,SE,195.176
3532207,Narandiba,-22.563662202815262,-51.521674619012984,35,São Paulo,SP,3,Sudeste,SE,357.325
3524006,Itupeva,-23.146345755321864,-47.06833366478473,35,São Paulo,SP,3,Sudeste,SE,201.214
3539707,Platina,-22.62522351821149,-50.21274139205083,35,São Paulo,SP,3,Sudeste,SE,327.48
3556701,Vinhedo,-23.04645873904514,-46.979055020245674,35,São Paulo,SP,3,Sudeste,SE,80.208
3515806,Flora Rica,-21.698445549936263,-51.374227511027925,35,São Paulo,SP,3,Sudeste,SE,224.619
3548500,Santos,-23.869013861037658,-46.291511198596,35,São Paulo,SP,3,Sudeste,SE,281.033
3531506,Monte Azul Paulista,-20.908879898528593,-48.681315419709044,35,São Paulo,SP,3,Sudeste,SE,263.463
3507753,Brejo Alegre,-21.176545631098573,-50.209779835111014,35,São Paulo,SP,3,Sudeste,SE,105.689
3556800,Viradouro,-20.884380385098076,-48.30985896737709,35,São Paulo,SP,3,Sudeste,SE,217.726
3548609,São Bento do Sapucaí,-22.68138748933098,-45.686792167896044,35,São Paulo,SP,3,Sudeste,SE,252.579
3523305,Itariri,-24.292834781835996,-47.127115041943064,35,São Paulo,SP,3,Sudeste,SE,273.956
3515129,Emilianópolis,-21.80096491888369,-51.472155273542,35,São Paulo,SP,3,Sudeste,SE,225.177
3515103,Embu-Guaçu,-23.854386317150432,-46.83069247880652,35,São Paulo,SP,3,Sudeste,SE,155.285
3547908,Santo Antônio da Alegria,-21.09230043046076,-47.19583487051723,35,São Paulo,SP,3,Sudeste,SE,310.311
3515202,Estrela d'Oeste,-20.265715246714404,-50.41146420577491,35,São Paulo,SP,3,Sudeste,SE,296.281
3515194,Espírito Santo do Turvo,-22.670890126522224,-49.43294953577085,35,São Paulo,SP,3,Sudeste,SE,193.666
3515186,Espírito Santo do Pinhal,-22.192479763150796,-46.79332713821126,35,São Paulo,SP,3,Sudeste,SE,389.235
3523206,Itararé,-24.080460158830448,-49.30363558875269,35,São Paulo,SP,3,Sudeste,SE,1003.86
3515152,Engenheiro Coelho,-22.48700220334439,-47.17493889764796,35,São Paulo,SP,3,Sudeste,SE,109.574
3515004,Embu das Artes,-23.65129383997769,-46.851508197533505,35,São Paulo,SP,3,Sudeste,SE,70.264
3507605,Bragança Paulista,-22.938347912946853,-46.555943739933056,35,São Paulo,SP,3,Sudeste,SE,512.584
3556107,Valentim Gentil,-20.42052127930739,-50.1017266999286,35,São Paulo,SP,3,Sudeste,SE,149.741
3514957,Embaúba,-20.95288708255403,-48.847544714769526,35,São Paulo,SP,3,Sudeste,SE,83.129
3539608,Planalto,-21.0011926945274,-49.93598504296593,35,São Paulo,SP,3,Sudeste,SE,289.825
3506904,Bofete,-23.12858854233052,-48.286240973656874,35,São Paulo,SP,3,Sudeste,SE,654.546
3531407,Monte Aprazível,-20.737463860317085,-49.76583668443593,35,São Paulo,SP,3,Sudeste,SE,495.559
3507001,Boituva,-23.287579257476306,-47.67496401904478,35,São Paulo,SP,3,Sudeste,SE,248.954
3556008,Urupês,-21.205202982606476,-49.26517596560044,35,São Paulo,SP,3,Sudeste,SE,323.916
3547809,Santo André,-23.727920924461678,-46.44170565982224,35,São Paulo,SP,3,Sudeste,SE,175.801
3506805,Bocaina,-22.10542575418453,-48.52905200100848,35,São Paulo,SP,3,Sudeste,SE,363.926
3515350,Euclides da Cunha Paulista,-22.519008890673383,-52.58926264560872,35,São Paulo,SP,3,Sudeste,SE,571.169
3540002,Pompéia,-22.029114571161838,-50.187694212274394,35,São Paulo,SP,3,Sudeste,SE,784.674
3556354,Vargem,-22.890178021289834,-46.41448136290045,35,São Paulo,SP,3,Sudeste,SE,142.595
3531803,Monte Mor,-22.95319515155969,-47.30733305066496,35,São Paulo,SP,3,Sudeste,SE,240.566
3523602,Itirapina,-22.294565371312633,-47.834047795001794,35,São Paulo,SP,3,Sudeste,SE,564.603
3556305,Valparaíso,-21.20302208480587,-50.923762816499725,35,São Paulo,SP,3,Sudeste,SE,857.661
3539806,Poá,-23.530475083171787,-46.34678322989866,35,São Paulo,SP,3,Sudeste,SE,17.264
3515400,Fartura,-23.390156506758903,-49.519700350111584,35,São Paulo,SP,3,Sudeste,SE,429.171
3548104,Santo Antônio do Jardim,-22.130319294716767,-46.68349068159671,35,São Paulo,SP,3,Sudeste,SE,109.956
3556404,Vargem Grande do Sul,-21.86066387436088,-46.89895078742832,35,São Paulo,SP,3,Sudeste,SE,267.178
3531605,Monte Castelo,-21.254695296615253,-51.57123860729173,35,São Paulo,SP,3,Sudeste,SE,233.289
3539905,Poloni,-20.75245652218148,-49.81996762374957,35,São Paulo,SP,3,Sudeste,SE,135.119
3548203,Santo Antônio do Pinhal,-22.831658945398193,-45.6981503707701,35,São Paulo,SP,3,Sudeste,SE,132.966
3523404,Itatiba,-23.006701052851927,-46.81429270495915,35,São Paulo,SP,3,Sudeste,SE,322.253
3531704,Monteiro Lobato,-22.936359569045965,-45.80417276440021,35,São Paulo,SP,3,Sudeste,SE,332.408
3523503,Itatinga,-23.153589193385493,-48.62944089667194,35,São Paulo,SP,3,Sudeste,SE,979.526
3507159,Bom Sucesso de Itararé,-24.315932165568395,-49.164563973030084,35,São Paulo,SP,3,Sudeste,SE,133.578
3556206,Valinhos,-22.97511576878255,-46.98120990231932,35,São Paulo,SP,3,Sudeste,SE,148.72
3539202,Pirapozinho,-22.479050382506937,-51.619598320948455,35,São Paulo,SP,3,Sudeste,SE,477.673
3515301,Estrela do Norte,-22.485607310035476,-51.669064747538386,35,São Paulo,SP,3,Sudeste,SE,264.987
3548005,Santo Antônio de Posse,-22.603277513181194,-46.94991531733268,35,São Paulo,SP,3,Sudeste,SE,154.133
3531001,Monções,-20.863134635353205,-50.0794591775861,35,São Paulo,SP,3,Sudeste,SE,104.352
3522802,Itaporanga,-23.672923816901392,-49.45850543383962,35,São Paulo,SP,3,Sudeste,SE,507.997
3507209,Borá,-22.24420642423257,-50.50212035752472,35,São Paulo,SP,3,Sudeste,SE,118.951
3514601,Dumont,-21.247081629869758,-47.979805988150396,35,São Paulo,SP,3,Sudeste,SE,111.361
3548054,Santo Antônio do Aracanguá,-20.872957856002504,-50.55447130653236,35,São Paulo,SP,3,Sudeste,SE,1308.889
3507100,Bom Jesus dos Perdões,-23.172512469265566,-46.47897234943334,35,São Paulo,SP,3,Sudeste,SE,108.366
3514502,Duartina,-22.393276811131567,-49.413356508688736,35,São Paulo,SP,3,Sudeste,SE,264.557
3522653,Itapirapuã Paulista,-24.568970394819324,-49.22292378863718,35,São Paulo,SP,3,Sudeste,SE,406.478
3555604,Uchoa,-20.93802188206997,-49.15842203433459,35,São Paulo,SP,3,Sudeste,SE,256.982
3539103,Pirapora do Bom Jesus,-23.378299184989505,-46.98490797399621,35,São Paulo,SP,3,Sudeste,SE,108.304
3506409,Bilac,-21.427777970529554,-50.479266388867615,35,São Paulo,SP,3,Sudeste,SE,158.025
3547403,Santa Rita d'Oeste,-20.09713409901499,-50.81270529135547,35,São Paulo,SP,3,Sudeste,SE,209.8
3530904,Mombuca,-22.94272226084158,-47.60199632888067,35,São Paulo,SP,3,Sudeste,SE,133.698
3522703,Itápolis,-21.54809613154976,-48.8154930503113,35,São Paulo,SP,3,Sudeste,SE,996.747
3555406,Ubatuba,-23.381101740779435,-45.02392397728715,35,São Paulo,SP,3,Sudeste,SE,708.246
3555505,Ubirajara,-22.544306286609025,-49.66590736304352,35,São Paulo,SP,3,Sudeste,SE,282.179
3539400,Piratininga,-22.42494626530636,-49.19180738592372,35,São Paulo,SP,3,Sudeste,SE,402.409
3531209,Monte Alegre do Sul,-22.704297264667833,-46.66766226971595,35,São Paulo,SP,3,Sudeste,SE,110.308
3539509,Pitangueiras,-21.0062217786286,-48.24935391402567,35,São Paulo,SP,3,Sudeste,SE,430.638
3547304,Santana de Parnaíba,-23.44947299303942,-46.916959216452234,35,São Paulo,SP,3,Sudeste,SE,179.89
3506300,Bernardino de Campos,-23.03074484460372,-49.491899522794924,35,São Paulo,SP,3,Sudeste,SE,244.158
3531308,Monte Alto,-21.259313289460277,-48.53301394422681,35,São Paulo,SP,3,Sudeste,SE,346.95
3547650,Santa Salete,-20.258680841724686,-50.72014228348606,35,São Paulo,SP,3,Sudeste,SE,79.192
3523107,Itaquaquecetuba,-23.461469055776583,-46.33379526966848,35,São Paulo,SP,3,Sudeste,SE,82.575
3514924,Elisiário,-21.16163165204457,-49.09205358161772,35,São Paulo,SP,3,Sudeste,SE,93.314
3555802,Urânia,-20.208897434332876,-50.65252712174538,35,São Paulo,SP,3,Sudeste,SE,209.262
3506359,Bertioga,-23.759776528467064,-46.029920600576354,35,São Paulo,SP,3,Sudeste,SE,491.546
3514908,Elias Fausto,-23.070633789233874,-47.37065472803199,35,São Paulo,SP,3,Sudeste,SE,202.36
3539301,Pirassununga,-21.995856848090323,-47.389914203524235,35,São Paulo,SP,3,Sudeste,SE,727.714
3547601,Santa Rosa de Viterbo,-21.50376299076711,-47.36620935404,35,São Paulo,SP,3,Sudeste,SE,288.576
3555901,Uru,-21.765955800992135,-49.29627751316864,35,São Paulo,SP,3,Sudeste,SE,146.901
3531100,Mongaguá,-24.070060917690448,-46.667937148382414,35,São Paulo,SP,3,Sudeste,SE,142.521
3547700,Santo Anastácio,-22.037611945798744,-51.72245722023037,35,São Paulo,SP,3,Sudeste,SE,552.876
3522901,Itapuí,-22.250821069827094,-48.70144922687115,35,São Paulo,SP,3,Sudeste,SE,140.023
3523008,Itapura,-20.595062380384984,-51.440568125926845,35,São Paulo,SP,3,Sudeste,SE,301.653
3514700,Echaporã,-22.448208003646794,-50.20060449992621,35,São Paulo,SP,3,Sudeste,SE,515.258
3555703,União Paulista,-20.890529954541222,-49.88725266784825,35,São Paulo,SP,3,Sudeste,SE,79.056
3514809,Eldorado,-24.494902905694428,-48.233535513042604,35,São Paulo,SP,3,Sudeste,SE,1654.256
3547502,Santa Rita do Passa Quatro,-21.68235153606458,-47.508063938151594,35,São Paulo,SP,3,Sudeste,SE,752.911
3522307,Itapetininga,-23.64543667674564,-48.1232216495236,35,São Paulo,SP,3,Sudeste,SE,1789.35
3514106,Dois Córregos,-22.395835685931857,-48.34053809948757,35,São Paulo,SP,3,Sudeste,SE,632.972
3506706,Boa Esperança do Sul,-21.93502842483844,-48.46358218646273,35,São Paulo,SP,3,Sudeste,SE,690.748
3538709,Piracicaba,-22.726405276025265,-47.78396276050416,35,São Paulo,SP,3,Sudeste,SE,1377.173
3506508,Birigui,-21.261541739779744,-50.35093343691478,35,São Paulo,SP,3,Sudeste,SE,530.031
3530508,Mococa,-21.4494643444175,-47.03283049640317,35,São Paulo,SP,3,Sudeste,SE,855.701
3506607,Biritiba Mirim,-23.62415081352539,-46.02132577302376,35,São Paulo,SP,3,Sudeste,SE,317.406
3522158,Itaoca,-24.617884087875698,-48.83900295220323,35,São Paulo,SP,3,Sudeste,SE,183.015
3555109,Tupi Paulista,-21.390419104762486,-51.58720873047079,35,São Paulo,SP,3,Sudeste,SE,244.663
3538600,Piracaia,-23.046874444809824,-46.30219719118291,35,São Paulo,SP,3,Sudeste,SE,385.64
3505906,Batatais,-20.867786504960762,-47.574765864956234,35,São Paulo,SP,3,Sudeste,SE,849.526
3546900,Santa Lúcia,-21.670778110774858,-48.05735253805425,35,São Paulo,SP,3,Sudeste,SE,153.86
3530409,Mirassolândia,-20.594994313344984,-49.48700770793781,35,São Paulo,SP,3,Sudeste,SE,166.125
3522208,Itapecerica da Serra,-23.73725494678758,-46.85884013569829,35,São Paulo,SP,3,Sudeste,SE,151.012
3554904,Três Fronteiras,-20.273729600970277,-50.86959300104614,35,São Paulo,SP,3,Sudeste,SE,151.594
3514007,Dobrada,-21.51613227711449,-48.35731537213308,35,São Paulo,SP,3,Sudeste,SE,149.729
3538907,Pirajuí,-21.95754956743727,-49.413464710277594,35,São Paulo,SP,3,Sudeste,SE,823.758
3546702,Santa Gertrudes,-22.47480845651899,-47.5211594490258,35,São Paulo,SP,3,Sudeste,SE,98.045
3555000,Tupã,-21.947268545124235,-50.534580440694064,35,São Paulo,SP,3,Sudeste,SE,627.986
3530706,Mogi Guaçu,-22.232102071116163,-47.02900427971282,35,São Paulo,SP,3,Sudeste,SE,812.753
3539004,Pirangi,-21.093850965607686,-48.66941511112347,35,São Paulo,SP,3,Sudeste,SE,215.809
3546801,Santa Isabel,-23.289009802973062,-46.24237368238281,35,São Paulo,SP,3,Sudeste,SE,362.875
3522505,Itapevi,-23.55098248608885,-46.9676833082166,35,São Paulo,SP,3,Sudeste,SE,82.583
3530805,Mogi Mirim,-22.451341797985165,-46.988396651680716,35,São Paulo,SP,3,Sudeste,SE,497.709
3554953,Tuiuti,-22.830272449691854,-46.68762130947361,35,São Paulo,SP,3,Sudeste,SE,126.731
3522604,Itapira,-22.43194409599663,-46.77209710349909,35,São Paulo,SP,3,Sudeste,SE,518.431
3555307,Turmalina,-20.0835396420384,-50.456765402067234,35,São Paulo,SP,3,Sudeste,SE,147.797
3538808,Piraju,-23.186920565299555,-49.3660948194728,35,São Paulo,SP,3,Sudeste,SE,504.591
3514403,Dracena,-21.55666642372091,-51.58411721344739,35,São Paulo,SP,3,Sudeste,SE,487.271
3547106,Santa Mercedes,-21.316746783004096,-51.737085923033995,35,São Paulo,SP,3,Sudeste,SE,166.884
3530607,Mogi das Cruzes,-23.569506162418186,-46.18606784771381,35,São Paulo,SP,3,Sudeste,SE,712.532
3547205,Santana da Ponte Pensa,-20.26071357087349,-50.797095318220805,35,São Paulo,SP,3,Sudeste,SE,129.888
3505807,Bastos,-21.950215747600847,-50.743990444337335,35,São Paulo,SP,3,Sudeste,SE,170.912
3522406,Itapeva,-23.913927993768493,-48.87172131808698,35,São Paulo,SP,3,Sudeste,SE,1826.258
3555356,Ubarana,-21.219742128271292,-49.748197758661696,35,São Paulo,SP,3,Sudeste,SE,209.861
3514205,Dolcinópolis,-20.117236271753402,-50.52828611101183,35,São Paulo,SP,3,Sudeste,SE,77.939
3514304,Dourado,-22.117292731244277,-48.333534084794806,35,São Paulo,SP,3,Sudeste,SE,205.874
3547007,Santa Maria da Serra,-22.564566872289213,-48.15425487588991,35,São Paulo,SP,3,Sudeste,SE,252.621
3513603,Cunha,-23.052641779080492,-44.941886290083986,35,São Paulo,SP,3,Sudeste,SE,1407.098
3506201,Bento de Abreu,-21.331733050592803,-50.86191979205235,35,São Paulo,SP,3,Sudeste,SE,301.687
3555208,Turiúba,-20.940483099423357,-50.11138095846518,35,São Paulo,SP,3,Sudeste,SE,153.492
3538204,Pinhalzinho,-22.778684460674803,-46.57342346542187,35,São Paulo,SP,3,Sudeste,SE,154.529
3506003,Bauru,-22.2539651752164,-49.126157742440874,35,São Paulo,SP,3,Sudeste,SE,667.684
3530003,Mira Estrela,-19.951753992127664,-50.124299105998716,35,São Paulo,SP,3,Sudeste,SE,216.825
3521804,Itaí,-23.471426679070188,-49.05421809545652,35,São Paulo,SP,3,Sudeste,SE,1092.884
3506102,Bebedouro,-20.94042540357805,-48.510738265348735,35,São Paulo,SP,3,Sudeste,SE,683.192
3554508,Tietê,-23.049174797280134,-47.707787924837604,35,São Paulo,SP,3,Sudeste,SE,405.034
3538006,Pindamonhangaba,-22.87999515136069,-45.459283596123704,35,São Paulo,SP,3,Sudeste,SE,731.356
3554607,Timburi,-23.195786161044833,-49.61039776164939,35,São Paulo,SP,3,Sudeste,SE,196.79
3529807,Mineiros do Tietê,-22.463248345826187,-48.43324158662336,35,São Paulo,SP,3,Sudeste,SE,213.242
3538105,Pindorama,-21.209807332072035,-48.91161891561395,35,São Paulo,SP,3,Sudeste,SE,184.825
3546405,Santa Cruz do Rio Pardo,-22.809253290563397,-49.56890519994475,35,São Paulo,SP,3,Sudeste,SE,1114.747
3505401,Barra do Turvo,-24.888692149316274,-48.42698082317483,35,São Paulo,SP,3,Sudeste,SE,1007.684
3529906,Miracatu,-24.19490419171467,-47.39461592570972,35,São Paulo,SP,3,Sudeste,SE,1002.2
3521705,Itaberá,-23.871253932903684,-49.14250710199418,35,São Paulo,SP,3,Sudeste,SE,1100.247
3554409,Terra Roxa,-20.778767277705896,-48.345770233177895,35,São Paulo,SP,3,Sudeste,SE,221.54
3505351,Barra do Chapéu,-24.443772691607215,-49.08529633593629,35,São Paulo,SP,3,Sudeste,SE,405.681
3513504,Cubatão,-23.865996902894384,-46.40861666917031,35,São Paulo,SP,3,Sudeste,SE,143.649
3546207,Santa Cruz da Conceição,-22.12133945828411,-47.485588241662036,35,São Paulo,SP,3,Sudeste,SE,150.13
3546306,Santa Cruz das Palmeiras,-21.855479916343377,-47.25014528599882,35,São Paulo,SP,3,Sudeste,SE,295.33
3530201,Mirante do Paranapanema,-22.349227376404002,-51.99789320267818,35,São Paulo,SP,3,Sudeste,SE,1238.931
3538501,Piquete,-22.590291997988242,-45.17376289956295,35,São Paulo,SP,3,Sudeste,SE,175.996
3513850,Dirce Reis,-20.448461369906436,-50.628130616170985,35,São Paulo,SP,3,Sudeste,SE,88.152
3522000,Itaju,-21.95161852292445,-48.793945024636464,35,São Paulo,SP,3,Sudeste,SE,230.355
3530300,Mirassol,-20.827656270747585,-49.50425098742211,35,São Paulo,SP,3,Sudeste,SE,243.228
3546256,Santa Cruz da Esperança,-21.274838207768457,-47.43960800381683,35,São Paulo,SP,3,Sudeste,SE,148.062
3522109,Itanhaém,-24.092612033000307,-46.834586105481634,35,São Paulo,SP,3,Sudeste,SE,601.018
3513801,Diadema,-23.697302389026053,-46.611407296050956,35,São Paulo,SP,3,Sudeste,SE,30.806
3554805,Tremembé,-22.940879875882995,-45.604188457104286,35,São Paulo,SP,3,Sudeste,SE,190.93
3538303,Piquerobi,-21.85258689126815,-51.73147067799178,35,São Paulo,SP,3,Sudeste,SE,482.769
3513900,Divinolândia,-21.66167757304365,-46.69741308190161,35,São Paulo,SP,3,Sudeste,SE,223.749
3546603,Santa Fé do Sul,-20.24184103467282,-50.95016371647636,35,São Paulo,SP,3,Sudeste,SE,206.537
3530102,Mirandópolis,-21.08096212676835,-51.130383996790314,35,São Paulo,SP,3,Sudeste,SE,917.692
3521903,Itajobi,-21.35554119744592,-49.05371161010727,35,São Paulo,SP,3,Sudeste,SE,502.066
3505302,Barra Bonita,-22.479480538233677,-48.541754799606124,35,São Paulo,SP,3,Sudeste,SE,150.121
3513702,Descalvado,-21.881174691131854,-47.65457566306032,35,São Paulo,SP,3,Sudeste,SE,753.926
3505609,Barrinha,-21.23412905016263,-48.093496728013086,35,São Paulo,SP,3,Sudeste,SE,148.756
3554656,Torre de Pedra,-23.249991232213798,-48.212724054922916,35,São Paulo,SP,3,Sudeste,SE,71.506
3505708,Barueri,-23.505433880032406,-46.87723684410825,35,São Paulo,SP,3,Sudeste,SE,66.364
3554755,Trabiju,-22.03229183479703,-48.34514660265833,35,São Paulo,SP,3,Sudeste,SE,63.421
3554706,Torrinha,-22.444588967099357,-48.164434900739636,35,São Paulo,SP,3,Sudeste,SE,315.267
3537701,Piacatu,-21.571340926449796,-50.64360859293624,35,São Paulo,SP,3,Sudeste,SE,232.488
3546504,Santa Ernestina,-21.452546567727737,-48.36681551322727,35,São Paulo,SP,3,Sudeste,SE,134.421
3505500,Barretos,-20.51413852464097,-48.65191691625683,35,São Paulo,SP,3,Sudeste,SE,1566.161
3529500,Mendonça,-21.194001185934685,-49.57024332290103,35,São Paulo,SP,3,Sudeste,SE,195.151
3521309,Ipuã,-20.41748433928036,-48.06649983162448,35,São Paulo,SP,3,Sudeste,SE,466.461
3554003,Tatuí,-23.36207031829855,-47.86949861614647,35,São Paulo,SP,3,Sudeste,SE,523.749
3513108,Cravinhos,-21.33964436597755,-47.74455342840149,35,São Paulo,SP,3,Sudeste,SE,311.423
3537503,Pereiras,-23.12046402040111,-47.9788160347213,35,São Paulo,SP,3,Sudeste,SE,223.136
3521150,Ipiguá,-20.647977977580805,-49.4035324918773,35,São Paulo,SP,3,Sudeste,SE,136.028
3545803,Santa Bárbara d'Oeste,-22.800618149060572,-47.42807242337799,35,São Paulo,SP,3,Sudeste,SE,271.03
3554102,Taubaté,-23.087102226098512,-45.50246739315511,35,São Paulo,SP,3,Sudeste,SE,624.924
3529302,Matão,-21.61012852389979,-48.430126924136694,35,São Paulo,SP,3,Sudeste,SE,524.899
3537602,Peruíbe,-24.279497781293408,-47.01286551647002,35,São Paulo,SP,3,Sudeste,SE,323.331
3521101,Ipeúna,-22.423900992160668,-47.71603579545681,35,São Paulo,SP,3,Sudeste,SE,190.01
3529401,Mauá,-23.666120330517494,-46.44633078841547,35,São Paulo,SP,3,Sudeste,SE,62.034
3521200,Iporanga,-24.512628819844146,-48.54623787957422,35,São Paulo,SP,3,Sudeste,SE,1152.059
3553906,Tarabai,-22.35796931911726,-51.625767351909985,35,São Paulo,SP,3,Sudeste,SE,201.385
3513009,Cotia,-23.675137667008975,-46.96048605486297,35,São Paulo,SP,3,Sudeste,SE,324.0
3537909,Pilar do Sul,-23.85635363957374,-47.72811704413317,35,São Paulo,SP,3,Sudeste,SE,681.248
3545704,Santa Albertina,-20.014145899304413,-50.727705666637206,35,São Paulo,SP,3,Sudeste,SE,272.692
3529708,Miguelópolis,-20.184722914310072,-48.105483511044156,35,São Paulo,SP,3,Sudeste,SE,820.849
3521507,Irapuã,-21.267697468140142,-49.39744853143202,35,São Paulo,SP,3,Sudeste,SE,257.611
3504909,Bananal,-22.73377375136347,-44.33452475845469,35,São Paulo,SP,3,Sudeste,SE,616.934
3553955,Tarumã,-22.763475367612795,-50.60140804711699,35,São Paulo,SP,3,Sudeste,SE,302.913
3513306,Cruzália,-22.73798318203666,-50.769057257739945,35,São Paulo,SP,3,Sudeste,SE,149.33
3521606,Irapuru,-21.48453853765751,-51.34653249939905,35,São Paulo,SP,3,Sudeste,SE,214.078
3554300,Teodoro Sampaio,-22.41671569469163,-52.37446530724765,35,São Paulo,SP,3,Sudeste,SE,1559.776
3513405,Cruzeiro,-22.55141528504398,-45.00632046376386,35,São Paulo,SP,3,Sudeste,SE,305.669
3546108,Santa Clara d'Oeste,-20.066893135311318,-50.90843143949064,35,São Paulo,SP,3,Sudeste,SE,183.458
3521408,Iracemápolis,-22.593557483668878,-47.52421543192506,35,São Paulo,SP,3,Sudeste,SE,115.31
3504800,Bálsamo,-20.709558299746202,-49.551797114326895,35,São Paulo,SP,3,Sudeste,SE,149.881
3513207,Cristais Paulista,-20.37131662698005,-47.40088799277303,35,São Paulo,SP,3,Sudeste,SE,385.23
3529658,Mesópolis,-19.957477697914808,-50.61540259445742,35,São Paulo,SP,3,Sudeste,SE,148.636
3537800,Piedade,-23.78698571685474,-47.43813752893499,35,São Paulo,SP,3,Sudeste,SE,746.903
3505104,Barbosa,-21.29066158702258,-49.9221725394485,35,São Paulo,SP,3,Sudeste,SE,205.212
3537156,Pedrinhas Paulista,-22.816917171346457,-50.80243285922572,35,São Paulo,SP,3,Sudeste,SE,152.309
3529609,Meridiano,-20.39818041941908,-50.186636544135105,35,São Paulo,SP,3,Sudeste,SE,228.199
3505203,Bariri,-22.06679802074365,-48.71882987106421,35,São Paulo,SP,3,Sudeste,SE,444.405
3537107,Pedreira,-22.754741514947636,-46.88856736139971,35,São Paulo,SP,3,Sudeste,SE,108.817
3528908,Mariápolis,-21.779112598961678,-51.171822896431145,35,São Paulo,SP,3,Sudeste,SE,186.432
3537206,Pedro de Toledo,-24.164031676892105,-47.163499259516755,35,São Paulo,SP,3,Sudeste,SE,672.83
3554201,Tejupá,-23.34250327561732,-49.30656785353635,35,São Paulo,SP,3,Sudeste,SE,296.189
3546009,Santa Branca,-23.42639113481571,-45.863284783796544,35,São Paulo,SP,3,Sudeste,SE,272.238
3505005,Barão de Antonina,-23.582898089096034,-49.57196939950365,35,São Paulo,SP,3,Sudeste,SE,153.142
3529005,Marília,-22.177651059840333,-49.98303835000849,35,São Paulo,SP,3,Sudeste,SE,1170.515
3520806,Inúbia Paulista,-21.7390029361338,-50.95741042556328,35,São Paulo,SP,3,Sudeste,SE,87.119
3553500,Tapiraí,-24.008676224655044,-47.6194824834369,35,São Paulo,SP,3,Sudeste,SE,754.421
3537008,Pedregulho,-20.205589523921592,-47.43905436376599,35,São Paulo,SP,3,Sudeste,SE,712.604
3512605,Coronel Macedo,-23.630121966852727,-49.30690116237188,35,São Paulo,SP,3,Sudeste,SE,303.83
3545308,Salto de Pirapora,-23.652762868532832,-47.580631234635575,35,São Paulo,SP,3,Sudeste,SE,280.412
3528809,Maracaí,-22.652284039577847,-50.74534970344206,35,São Paulo,SP,3,Sudeste,SE,533.498
3545407,Salto Grande,-22.87087691284479,-49.96076043242555,35,São Paulo,SP,3,Sudeste,SE,188.441
3520608,Indiana,-22.13304292390592,-51.26269317188396,35,São Paulo,SP,3,Sudeste,SE,129.019
3512407,Cordeirópolis,-22.479465721811238,-47.41466909273972,35,São Paulo,SP,3,Sudeste,SE,137.678
3520707,Indiaporã,-19.947918807574673,-50.26366872517349,35,São Paulo,SP,3,Sudeste,SE,279.606
3553401,Tanabi,-20.53120010451849,-49.64645218323268,35,São Paulo,SP,3,Sudeste,SE,747.218
3528858,Marapoama,-21.25550782351595,-49.13775122063728,35,São Paulo,SP,3,Sudeste,SE,111.267
3512506,Coroados,-21.375568737082858,-50.30335833507924,35,São Paulo,SP,3,Sudeste,SE,246.826
3545209,Salto,-23.180475455894804,-47.302605519098385,35,São Paulo,SP,3,Sudeste,SE,133.057
3537404,Pereira Barreto,-20.677714396493517,-51.10657283916807,35,São Paulo,SP,3,Sudeste,SE,974.248
3529203,Martinópolis,-22.172441319257526,-51.123826537724455,35,São Paulo,SP,3,Sudeste,SE,1251.492
3545159,Saltinho,-22.870651003078542,-47.731520145939726,35,São Paulo,SP,3,Sudeste,SE,99.924
3504404,Avanhandava,-21.460509117995567,-49.9473279531012,35,São Paulo,SP,3,Sudeste,SE,338.37
3521002,Iperó,-23.40448478239604,-47.62911864790988,35,São Paulo,SP,3,Sudeste,SE,170.289
3512803,Cosmópolis,-22.652403364679415,-47.187273463666536,35,São Paulo,SP,3,Sudeste,SE,151.645
3512902,Cosmorama,-20.4424996422479,-49.77456196663725,35,São Paulo,SP,3,Sudeste,SE,441.68
3545605,Santa Adélia,-21.31778057691283,-48.819018331885204,35,São Paulo,SP,3,Sudeste,SE,330.269
3504206,Auriflama,-20.643810580675023,-50.57997288807793,35,São Paulo,SP,3,Sudeste,SE,434.117
3504305,Avaí,-22.1871546283185,-49.31617602184982,35,São Paulo,SP,3,Sudeste,SE,540.689
3553856,Taquarivaí,-23.943302150037848,-48.687949810556,35,São Paulo,SP,3,Sudeste,SE,231.792
3512704,Corumbataí,-22.23639995123258,-47.61104977041541,35,São Paulo,SP,3,Sudeste,SE,278.622
3553807,Taquarituba,-23.530166075824603,-49.234599747708714,35,São Paulo,SP,3,Sudeste,SE,448.515
3537305,Penápolis,-21.405343512370877,-50.09566694329237,35,São Paulo,SP,3,Sudeste,SE,711.315
3553658,Taquaral,-21.069270366039312,-48.39942877556259,35,São Paulo,SP,3,Sudeste,SE,53.892
3504602,Bady Bassitt,-20.931536353609662,-49.437621535247004,35,São Paulo,SP,3,Sudeste,SE,110.372
3529104,Marinópolis,-20.47987092829398,-50.832317179888335,35,São Paulo,SP,3,Sudeste,SE,77.827
3504701,Balbinos,-21.892408669795806,-49.33307775297437,35,São Paulo,SP,3,Sudeste,SE,91.635
3520905,Ipaussu,-23.065127056588608,-49.60812627422338,35,São Paulo,SP,3,Sudeste,SE,209.554
3553609,Tapiratiba,-21.450840916382734,-46.74188665367968,35,São Paulo,SP,3,Sudeste,SE,220.518
3536604,Paulo de Faria,-20.06660355804846,-49.46339957387188,35,São Paulo,SP,3,Sudeste,SE,737.986
3553708,Taquaritinga,-21.42558656293901,-48.53785473873137,35,São Paulo,SP,3,Sudeste,SE,594.335
3528403,Mairinque,-23.507941958290743,-47.2292900133553,35,São Paulo,SP,3,Sudeste,SE,210.149
3536703,Pederneiras,-22.301406773496534,-48.8611003858452,35,São Paulo,SP,3,Sudeste,SE,727.482
3504503,Avaré,-23.075104314914814,-48.89404572337243,35,São Paulo,SP,3,Sudeste,SE,1213.055
3545506,Sandovalina,-22.477839498953543,-51.84208870664607,35,São Paulo,SP,3,Sudeste,SE,455.856
3520202,Igaratá,-23.134877242277067,-46.15044339622374,35,São Paulo,SP,3,Sudeste,SE,293.002
3528502,Mairiporã,-23.317216282287475,-46.56124183369183,35,São Paulo,SP,3,Sudeste,SE,320.492
3520301,Iguape,-24.549527238735163,-47.47423617413853,35,São Paulo,SP,3,Sudeste,SE,1978.329
3553005,Taguaí,-23.47446312645476,-49.39737954586658,35,São Paulo,SP,3,Sudeste,SE,145.332
3536505,Paulínia,-22.748361691509455,-47.145066788930194,35,São Paulo,SP,3,Sudeste,SE,138.777
3512100,Colômbia,-20.266875325276985,-48.72172179255175,35,São Paulo,SP,3,Sudeste,SE,728.648
3544806,Sales,-21.347194373065324,-49.50265784028134,35,São Paulo,SP,3,Sudeste,SE,308.555
3528304,Magda,-20.596435547216384,-50.229994983796715,35,São Paulo,SP,3,Sudeste,SE,312.282
3520103,Igarapava,-20.06369773541276,-47.682462309261716,35,São Paulo,SP,3,Sudeste,SE,468.355
3536570,Paulistânia,-22.56839425890057,-49.30554388212585,35,São Paulo,SP,3,Sudeste,SE,256.178
3511904,Clementina,-21.57032383804877,-50.46006396604103,35,São Paulo,SP,3,Sudeste,SE,168.59
3544707,Sagres,-21.867794356595205,-50.99028719831963,35,São Paulo,SP,3,Sudeste,SE,147.923
3512001,Colina,-20.746170183110316,-48.588843700533026,35,São Paulo,SP,3,Sudeste,SE,422.303
3536901,Pedranópolis,-20.210094594591506,-50.10699592913203,35,São Paulo,SP,3,Sudeste,SE,260.101
3528700,Marabá Paulista,-22.12768054075823,-52.05654235877298,35,São Paulo,SP,3,Sudeste,SE,919.519
3520509,Indaiatuba,-23.10606259898084,-47.202506585945066,35,São Paulo,SP,3,Sudeste,SE,311.545
3503901,Arujá,-23.38599184482652,-46.3192054555011,35,São Paulo,SP,3,Sudeste,SE,96.369
3512308,Conchas,-22.965681612659395,-48.047325008944924,35,São Paulo,SP,3,Sudeste,SE,467.327
3552908,Taciba,-22.504875990138004,-51.34233560762054,35,São Paulo,SP,3,Sudeste,SE,606.755
3503703,Ariranha,-21.1856654066305,-48.779215448987024,35,São Paulo,SP,3,Sudeste,SE,132.624
3503802,Artur Nogueira,-22.56208384038082,-47.13229216368077,35,São Paulo,SP,3,Sudeste,SE,181.786
3553302,Tambaú,-21.601758728886875,-47.23900488096119,35,São Paulo,SP,3,Sudeste,SE,561.788
3504107,Atibaia,-23.123237072307568,-46.586768167770984,35,São Paulo,SP,3,Sudeste,SE,478.52
3536802,Pedra Bela,-22.77575884853104,-46.441844316627446,35,São Paulo,SP,3,Sudeste,SE,158.588
3545100,Salmourão,-21.588027206870688,-50.876295501419655,35,São Paulo,SP,3,Sudeste,SE,172.934
3520442,Ilha Solteira,-20.431397632964224,-51.25890873416832,35,São Paulo,SP,3,Sudeste,SE,652.641
3528601,Manduri,-23.046991496511687,-49.3036477983882,35,São Paulo,SP,3,Sudeste,SE,229.046
3520426,Ilha Comprida,-24.858965092086592,-47.71521335670316,35,São Paulo,SP,3,Sudeste,SE,196.567
3520400,Ilhabela,-23.848480233635723,-45.323166185709816,35,São Paulo,SP,3,Sudeste,SE,346.389
3536109,Pardinho,-23.102518264375522,-48.402213705578745,35,São Paulo,SP,3,Sudeste,SE,208.223
3553104,Taiaçu,-21.13218055342768,-48.530298102681144,35,São Paulo,SP,3,Sudeste,SE,107.059
3512209,Conchal,-22.369301542114464,-47.14113480463144,35,São Paulo,SP,3,Sudeste,SE,182.793
3544905,Sales Oliveira,-20.831523719050523,-47.8545905124063,35,São Paulo,SP,3,Sudeste,SE,305.776
3553203,Taiúva,-21.132689579800246,-48.42824750726302,35,São Paulo,SP,3,Sudeste,SE,132.459
3527900,Lutécia,-22.325245967228952,-50.38548443435874,35,São Paulo,SP,3,Sudeste,SE,475.226
3519709,Ibiúna,-23.80229607020803,-47.21520485575014,35,São Paulo,SP,3,Sudeste,SE,1058.01
3545001,Salesópolis,-23.580196012819243,-45.84259674465362,35,São Paulo,SP,3,Sudeste,SE,424.997
3511508,Cerquilho,-23.187120807413137,-47.75713218980057,35,São Paulo,SP,3,Sudeste,SE,127.803
3519808,Icém,-20.367239556964623,-49.185296032672575,35,São Paulo,SP,3,Sudeste,SE,362.355
3552502,Suzano,-23.608361992092068,-46.31044887321878,35,São Paulo,SP,3,Sudeste,SE,206.236
3511607,Cesário Lange,-23.21651015324206,-47.903886468784016,35,São Paulo,SP,3,Sudeste,SE,190.392
3536000,Parapuã,-21.852889709788688,-50.82168703866085,35,São Paulo,SP,3,Sudeste,SE,366.676
3503950,Aspásia,-20.183555869838518,-50.72802628074089,35,São Paulo,SP,3,Sudeste,SE,69.373
3544301,Roseira,-22.933032698298113,-45.30247708073065,35,São Paulo,SP,3,Sudeste,SE,129.847
3527801,Lupércio,-22.42720968549771,-49.8169774591766,35,São Paulo,SP,3,Sudeste,SE,155.171
3519600,Ibitinga,-21.792947741180697,-48.84785330300105,35,São Paulo,SP,3,Sudeste,SE,689.391
3552551,Suzanápolis,-20.47291857084561,-51.07562371616263,35,São Paulo,SP,3,Sudeste,SE,330.587
3504008,Assis,-22.601720931232414,-50.42073936393234,35,São Paulo,SP,3,Sudeste,SE,460.609
3511409,Cerqueira César,-23.059281177243363,-49.14376830333059,35,São Paulo,SP,3,Sudeste,SE,511.621
3503356,Arco-Íris,-21.766340438855917,-50.43093549241252,35,São Paulo,SP,3,Sudeste,SE,264.904
3503307,Araras,-22.346147436717313,-47.32384442008077,35,São Paulo,SP,3,Sudeste,SE,644.805
3520004,Igaraçu do Tietê,-22.541739663518346,-48.574551283798044,35,São Paulo,SP,3,Sudeste,SE,97.747
3503406,Arealva,-22.076279813975802,-48.98187299625935,35,São Paulo,SP,3,Sudeste,SE,506.226
3544251,Rosana,-22.48928111361574,-52.83715621203033,35,São Paulo,SP,3,Sudeste,SE,742.762
3552403,Sumaré,-22.841862709717386,-47.26298827502618,35,São Paulo,SP,3,Sudeste,SE,153.465
3503208,Araraquara,-21.791635590955647,-48.18134773310912,35,São Paulo,SP,3,Sudeste,SE,1003.626
3536406,Paulicéia,-21.198311920992882,-51.790701476628314,35,São Paulo,SP,3,Sudeste,SE,374.091
3544202,Riolândia,-20.023511207714677,-49.70917048104395,35,São Paulo,SP,3,Sudeste,SE,631.897
3536257,Parisi,-20.271570229452742,-50.03738024231714,35,São Paulo,SP,3,Sudeste,SE,84.737
3528205,Macedônia,-20.098085320317992,-50.1815455979639,35,São Paulo,SP,3,Sudeste,SE,327.567
3536208,Pariquera-Açu,-24.678245050646343,-47.850075337264315,35,São Paulo,SP,3,Sudeste,SE,359.414
3552809,Taboão da Serra,-23.62052710868142,-46.78638957831432,35,São Paulo,SP,3,Sudeste,SE,20.371
3528007,Macatuba,-22.48711974980856,-48.71937939625845,35,São Paulo,SP,3,Sudeste,SE,224.514
3536307,Patrocínio Paulista,-20.704159123982382,-47.28938880728836,35,São Paulo,SP,3,Sudeste,SE,602.848
3544608,Sabino,-21.470827193938682,-49.575654815967894,35,São Paulo,SP,3,Sudeste,SE,305.285
3503604,Areiópolis,-22.63180939614241,-48.6528473831401,35,São Paulo,SP,3,Sudeste,SE,85.907
3528106,Macaubal,-20.83790885851525,-49.974991575362296,35,São Paulo,SP,3,Sudeste,SE,248.087
3519907,Iepê,-22.648594567842927,-51.05719161376826,35,São Paulo,SP,3,Sudeste,SE,594.985
3535606,Paraibuna,-23.478343666938347,-45.641869474146404,35,São Paulo,SP,3,Sudeste,SE,809.576
3552601,Tabapuã,-20.93195163988202,-49.02899550862174,35,São Paulo,SP,3,Sudeste,SE,346.692
3511706,Charqueada,-22.530172618506867,-47.74619809869645,35,São Paulo,SP,3,Sudeste,SE,175.846
3527405,Lucélia,-21.644065156331113,-50.991605644403,35,São Paulo,SP,3,Sudeste,SE,314.81
3544400,Rubiácea,-21.36083244217526,-50.78575221229208,35,São Paulo,SP,3,Sudeste,SE,236.484
3552700,Tabatinga,-21.712511094975977,-48.62903397095165,35,São Paulo,SP,3,Sudeste,SE,368.604
3544509,Rubinéia,-20.24968273565004,-51.018303673475806,35,São Paulo,SP,3,Sudeste,SE,242.877
3519204,Iacri,-21.799847165491624,-50.619432559552386,35,São Paulo,SP,3,Sudeste,SE,321.948
3511003,Castilho,-20.897495391026528,-51.57018792523484,35,São Paulo,SP,3,Sudeste,SE,1065.318
3543808,Rinópolis,-21.681152296496045,-50.71742561645392,35,São Paulo,SP,3,Sudeste,SE,358.481
3511102,Catanduva,-21.13362086769157,-48.963919716417394,35,São Paulo,SP,3,Sudeste,SE,291.926
3519253,Iaras,-22.81911581198677,-49.10683850028684,35,São Paulo,SP,3,Sudeste,SE,401.381
3519105,Iacanga,-21.890887341184676,-49.03963243393243,35,São Paulo,SP,3,Sudeste,SE,547.393
3527256,Lourdes,-20.949005744393236,-50.234403444645956,35,São Paulo,SP,3,Sudeste,SE,113.808
3503505,Areias,-22.67288715217152,-44.71216125636145,35,São Paulo,SP,3,Sudeste,SE,303.98
3510906,Cássia dos Coqueiros,-21.263272719163943,-47.144080774025824,35,São Paulo,SP,3,Sudeste,SE,191.683
3519071,Hortolândia,-22.878426094516072,-47.20772077989444,35,São Paulo,SP,3,Sudeste,SE,62.416
3519055,Holambra,-22.63030247125419,-47.06493655451644,35,São Paulo,SP,3,Sudeste,SE,65.337
3552007,Silveiras,-22.734383964172,-44.84057114526769,35,São Paulo,SP,3,Sudeste,SE,415.038
3535507,Paraguaçu Paulista,-22.459089113586916,-50.62653613775293,35,São Paulo,SP,3,Sudeste,SE,1001.492
3502804,Araçatuba,-21.113783012292835,-50.57464588030737,35,São Paulo,SP,3,Sudeste,SE,1167.126
3527306,Louveira,-23.08400989817688,-46.937813405072866,35,São Paulo,SP,3,Sudeste,SE,55.989
3502903,Araçoiaba da Serra,-23.543856156440583,-47.65151762404867,35,São Paulo,SP,3,Sudeste,SE,255.305
3511300,Cedral,-20.913812498408294,-49.263983681078784,35,São Paulo,SP,3,Sudeste,SE,197.099
3551900,Severínia,-20.79313876901455,-48.79375835674095,35,São Paulo,SP,3,Sudeste,SE,140.46
3543709,Rincão,-21.59389099669995,-48.032037019601376,35,São Paulo,SP,3,Sudeste,SE,316.639
3502705,Apiaí,-24.42150925925523,-48.81735495060624,35,São Paulo,SP,3,Sudeste,SE,974.322
3535903,Paranapuã,-20.06376718178115,-50.594041552186795,35,São Paulo,SP,3,Sudeste,SE,140.354
3527702,Luiziânia,-21.672615613719667,-50.350848437568565,35,São Paulo,SP,3,Sudeste,SE,166.576
3519501,Ibirarema,-22.81330661487428,-50.0769215149696,35,São Paulo,SP,3,Sudeste,SE,228.23
3552205,Sorocaba,-23.464547055189065,-47.44676216236464,35,São Paulo,SP,3,Sudeste,SE,449.872
3535705,Paraíso,-21.01963936723525,-48.764661706109884,35,São Paulo,SP,3,Sudeste,SE,155.186
3502754,Araçariguama,-23.434411790360336,-47.072374037579806,35,São Paulo,SP,3,Sudeste,SE,145.247
3552304,Sud Mennucci,-20.667584049657886,-50.90095855309861,35,São Paulo,SP,3,Sudeste,SE,594.543
3527504,Lucianópolis,-22.473338989213847,-49.55028842060165,35,São Paulo,SP,3,Sudeste,SE,189.536
3535804,Paranapanema,-23.438460781639005,-48.79525125744701,35,São Paulo,SP,3,Sudeste,SE,1018.724
3503109,Arandu,-23.177684756014024,-49.06402593450711,35,São Paulo,SP,3,Sudeste,SE,285.908
3544103,Rio Grande da Serra,-23.737857357133525,-46.37945159746275,35,São Paulo,SP,3,Sudeste,SE,36.341
3519303,Ibaté,-21.95088872564635,-48.02725569052902,35,São Paulo,SP,3,Sudeste,SE,290.977
3527603,Luís Antônio,-21.55264951388683,-47.78190771998717,35,São Paulo,SP,3,Sudeste,SE,598.257
3519402,Ibirá,-21.075397947762568,-49.22054462878295,35,São Paulo,SP,3,Sudeste,SE,268.9
3552106,Socorro,-22.611172703905645,-46.52436818482352,35,São Paulo,SP,3,Sudeste,SE,448.894
3535101,Palmares Paulista,-21.1047116367993,-48.82666595557452,35,São Paulo,SP,3,Sudeste,SE,82.125
3543907,Rio Claro,-22.37393979878095,-47.579931835571195,35,São Paulo,SP,3,Sudeste,SE,498.403
3511201,Catiguá,-21.06273565588155,-49.05295220612515,35,São Paulo,SP,3,Sudeste,SE,146.568
3503158,Arapeí,-22.67283554316849,-44.43870920894192,35,São Paulo,SP,3,Sudeste,SE,156.479
3526902,Limeira,-22.598486967868975,-47.363714742328646,35,São Paulo,SP,3,Sudeste,SE,580.577
3544004,Rio das Pedras,-22.850336692525442,-47.59842985838536,35,São Paulo,SP,3,Sudeste,SE,226.729
3518701,Guarujá,-23.951237315008136,-46.23519360263863,35,São Paulo,SP,3,Sudeste,SE,144.794
3510500,Caraguatatuba,-23.639649189262364,-45.488013390908336,35,São Paulo,SP,3,Sudeste,SE,484.947
3543253,Ribeirão Grande,-24.188623041950237,-48.358828176954326,35,São Paulo,SP,3,Sudeste,SE,333.363
3503000,Aramina,-20.145037401681904,-47.82064253676038,35,São Paulo,SP,3,Sudeste,SE,202.829
3510401,Capivari,-22.980704985821692,-47.47801489677395,35,São Paulo,SP,3,Sudeste,SE,322.878
3551504,Serrana,-21.216916138357593,-47.612335483368625,35,São Paulo,SP,3,Sudeste,SE,126.046
3502309,Anhembi,-22.799887470956573,-48.17469039466575,35,São Paulo,SP,3,Sudeste,SE,736.09
3535002,Palestina,-20.3211383396986,-49.49767188966314,35,São Paulo,SP,3,Sudeste,SE,697.701
3543303,Ribeirão Pires,-23.701072555827867,-46.402791977432756,35,São Paulo,SP,3,Sudeste,SE,98.972
3526803,Lençóis Paulista,-22.676066267508425,-48.82501606572995,35,São Paulo,SP,3,Sudeste,SE,809.541
3518602,Guariba,-21.395920142419207,-48.226514461537825,35,São Paulo,SP,3,Sudeste,SE,270.408
3551306,Sebastianópolis do Sul,-20.62915579023516,-49.91590092556433,35,São Paulo,SP,3,Sudeste,SE,167.848
3535309,Palmital,-22.828780165213992,-50.22091954040638,35,São Paulo,SP,3,Sudeste,SE,548.407
3543238,Ribeirão dos Índios,-21.7842361016629,-51.58326060313287,35,São Paulo,SP,3,Sudeste,SE,196.467
3551405,Serra Azul,-21.316051868996627,-47.549694419295996,35,São Paulo,SP,3,Sudeste,SE,283.144
3535408,Panorama,-21.46329105983453,-51.85805508874568,35,São Paulo,SP,3,Sudeste,SE,356.05
3543204,Ribeirão do Sul,-22.75165690611679,-49.92264860608988,35,São Paulo,SP,3,Sudeste,SE,203.208
3502200,Angatuba,-23.436707629809437,-48.459329057666146,35,São Paulo,SP,3,Sudeste,SE,1028.104
3527207,Lorena,-22.79396489691022,-45.060042305990194,35,São Paulo,SP,3,Sudeste,SE,414.16
3519006,Herculândia,-21.96229330016323,-50.37309462072318,35,São Paulo,SP,3,Sudeste,SE,364.252
3551702,Sertãozinho,-21.122915988798606,-48.0088772621247,35,São Paulo,SP,3,Sudeste,SE,403.089
3510807,Casa Branca,-21.80048677341115,-47.0881360539063,35,São Paulo,SP,3,Sudeste,SE,864.225
3535200,Palmeira d'Oeste,-20.438931845642593,-50.748778068192685,35,São Paulo,SP,3,Sudeste,SE,318.696
3543501,Riversul,-23.84687669749432,-49.44779164562075,35,São Paulo,SP,3,Sudeste,SE,385.878
3551801,Sete Barras,-24.273867171823667,-47.9341096642174,35,São Paulo,SP,3,Sudeste,SE,1062.699
3527009,Lindóia,-22.51302688059311,-46.6544884722435,35,São Paulo,SP,3,Sudeste,SE,48.321
3543600,Rifaina,-20.06079747951866,-47.44091851257598,35,São Paulo,SP,3,Sudeste,SE,162.508
3527108,Lins,-21.64974098580506,-49.682836798215504,35,São Paulo,SP,3,Sudeste,SE,570.058
3518800,Guarulhos,-23.40270186171997,-46.45496153258862,35,São Paulo,SP,3,Sudeste,SE,318.838
3510609,Carapicuíba,-23.550326043451967,-46.84206295145564,35,São Paulo,SP,3,Sudeste,SE,34.234
3518909,Guzolândia,-20.628434282221708,-50.71374854452432,35,São Paulo,SP,3,Sudeste,SE,252.722
3551603,Serra Negra,-22.58888105249874,-46.687195470012796,35,São Paulo,SP,3,Sudeste,SE,204.542
3510708,Cardoso,-20.067177166760306,-49.9476136387289,35,São Paulo,SP,3,Sudeste,SE,639.248
